"features","Fold","f"
"TJC",1,"Lasso"
"P00558_NNQITNNQR_cit_IK_",1,"Lasso"
"P00738_VGYVSGWGR_cit_NANFK_",1,"Lasso"
"P01024_QLANGVDR_cit_YISK_",1,"Lasso"
"P02545_NIYSEELR_cit_ETK_",1,"Lasso"
"P02675_R_cit_EEAPSLR_",1,"Lasso"
"P02787_DSGFQMNQLR_cit_GK_",1,"Lasso"
"P09493_VIESR_cit_AQK_",1,"Lasso"
"P11021_DNR_cit_AVQK_",1,"Lasso"
"P25705_R_cit_LTDADAMK_",1,"Lasso"
"P62805_R_cit_ISGLIYEETR_",1,"Lasso"
"DAS28",1,"RF"
"TJC",1,"RF"
"CRP",1,"RF"
"P25705_R_cit_LTDADAMK_",1,"RF"
"P02545_NIYSEELR_cit_ETK_",1,"RF"
"Q00325_EDGVR_cit_GLAK_",1,"RF"
"P62805_R_cit_ISGLIYEETR_",1,"RF"
"P05062_AHR_cit_FPALTQEQK_",1,"RF"
"SJC",1,"RF"
"P02790_WDR_cit_ELISER_",1,"RF"
"P02675_ECEEIIR_cit_K_",1,"RF"
"P11021_DNR_cit_AVQK_",1,"RF"
"P25705_AVDSLVPIGR_cit_GQR_",1,"RF"
"P02647_ETEGLR_cit_QEMSK_",1,"RF"
"P61981_R_cit_ATVVESSEK_",1,"RF"
"DAS28",1,"RFERF"
"TJC",1,"RFERF"
"P02545_NIYSEELR_cit_ETK_",1,"RFERF"
"P25705_R_cit_LTDADAMK_",1,"RFERF"
"DAS28",1,"RFESVM"
"TJC",1,"RFESVM"
"P02545_NIYSEELR_cit_ETK_",1,"RFESVM"
"P25705_R_cit_LTDADAMK_",1,"RFESVM"
"DAS28",2,"Lasso"
"TJC",2,"Lasso"
"SJC",2,"Lasso"
"CRP",2,"Lasso"
"P00738_VGYVSGWGR_cit_NANFK_",2,"Lasso"
"P01009_FLENEDR_cit_R_",2,"Lasso"
"P01876_WLQGSQELPR_cit_EK_",2,"Lasso"
"P02545_NIYSEELR_cit_ETK_",2,"Lasso"
"P02647_ETEGLR_cit_QEMSK_",2,"Lasso"
"P02675_ECEEIIR_cit_K_",2,"Lasso"
"P05091_SR_cit_VVGNPFDSK_",2,"Lasso"
"P08670_AR_cit_VEVER_",2,"Lasso"
"P25705_AVDSLVPIGR_cit_GQR_",2,"Lasso"
"P25705_R_cit_LTDADAMK_",2,"Lasso"
"P62805_R_cit_ISGLIYEETR_",2,"Lasso"
"Q99878_TR_cit_SSR_cit_AGLQFPVGR_",2,"Lasso"
"Q9BTM1_SR_cit_SSR_cit_AGLQFPVGR_",2,"Lasso"
"TJC",2,"RF"
"DAS28",2,"RF"
"CRP",2,"RF"
"P02545_NIYSEELR_cit_ETK_",2,"RF"
"P25705_R_cit_LTDADAMK_",2,"RF"
"P02787_DSGFQMNQLR_cit_GK_",2,"RF"
"Q99878_TR_cit_SSR_cit_AGLQFPVGR_",2,"RF"
"P02647_ETEGLR_cit_QEMSK_",2,"RF"
"P01009_FLENEDR_cit_R_",2,"RF"
"P00738_VGYVSGWGR_cit_NANFK_",2,"RF"
"P61981_R_cit_ATVVESSEK_",2,"RF"
"P62805_R_cit_ISGLIYEETR_",2,"RF"
"Q06323_YFSER_cit_GDAVTK_",2,"RF"
"P21796_SAR_cit_DVFTK_",2,"RF"
"SJC",2,"RF"
"TJC",2,"RFERF"
"DAS28",2,"RFERF"
"P02545_NIYSEELR_cit_ETK_",2,"RFERF"
"P25705_R_cit_LTDADAMK_",2,"RFERF"
"P61981_R_cit_ATVVESSEK_",2,"RFERF"
"P02787_DSGFQMNQLR_cit_GK_",2,"RFERF"
"P01009_FLENEDR_cit_R_",2,"RFERF"
"P62805_R_cit_ISGLIYEETR_",2,"RFERF"
"CRP",2,"RFERF"
"P00558_NNQITNNQR_cit_IK_",2,"RFERF"
"TJC",2,"RFESVM"
"DAS28",2,"RFESVM"
"P02545_NIYSEELR_cit_ETK_",2,"RFESVM"
"P25705_R_cit_LTDADAMK_",2,"RFESVM"
"P61981_R_cit_ATVVESSEK_",2,"RFESVM"
"P02787_DSGFQMNQLR_cit_GK_",2,"RFESVM"
"P01009_FLENEDR_cit_R_",2,"RFESVM"
"P62805_R_cit_ISGLIYEETR_",2,"RFESVM"
"CRP",2,"RFESVM"
"P00558_NNQITNNQR_cit_IK_",2,"RFESVM"
"TJC",3,"Lasso"
"CRP",3,"Lasso"
"P00558_NNQITNNQR_cit_IK_",3,"Lasso"
"P01009_FLENEDR_cit_R_",3,"Lasso"
"P01024_QLANGVDR_cit_YISK_",3,"Lasso"
"P01876_WLQGSQELPR_cit_EK_",3,"Lasso"
"P02545_NIYSEELR_cit_ETK_",3,"Lasso"
"P02787_VPPR_cit_MDAK_",3,"Lasso"
"P05062_AHR_cit_FPALTQEQK_",3,"Lasso"
"P25705_AVDSLVPIGR_cit_GQR_",3,"Lasso"
"P25705_R_cit_LTDADAMK_",3,"Lasso"
"P31327_EWPSNLDLR_cit_K_",3,"Lasso"
"P62805_R_cit_ISGLIYEETR_",3,"Lasso"
"Q9Y2J8_VVR_cit_DFLK_",3,"Lasso"
"P62805_R_cit_ISGLIYEETR_",3,"RF"
"DAS28",3,"RF"
"TJC",3,"RF"
"P01024_QLANGVDR_cit_YISK_",3,"RF"
"P31327_EWPSNLDLR_cit_K_",3,"RF"
"P25705_AVDSLVPIGR_cit_GQR_",3,"RF"
"CRP",3,"RF"
"P00738_VGYVSGWGR_cit_NANFK_",3,"RF"
"SJC",3,"RF"
"P62937_TAENFR_cit_ALSTGEK_",3,"RF"
"P05062_AHR_cit_FPALTQEQK_",3,"RF"
"P21796_SAR_cit_DVFTK_",3,"RF"
"Q00325_EDGVR_cit_GLAK_",3,"RF"
"P25705_R_cit_LTDADAMK_",3,"RF"
"P31930_NR_cit_PGSALEK_",3,"RF"
"DAS28",3,"RFERF"
"P62805_R_cit_ISGLIYEETR_",3,"RFERF"
"TJC",3,"RFERF"
"P01024_QLANGVDR_cit_YISK_",3,"RFERF"
"CRP",3,"RFERF"
"P25705_AVDSLVPIGR_cit_GQR_",3,"RFERF"
"P31327_EWPSNLDLR_cit_K_",3,"RFERF"
"SJC",3,"RFERF"
"Q06323_YFSER_cit_GDAVTK_",3,"RFERF"
"P08670_AR_cit_VEVER_",3,"RFERF"
"DAS28",3,"RFESVM"
"P62805_R_cit_ISGLIYEETR_",3,"RFESVM"
"TJC",3,"RFESVM"
"P01024_QLANGVDR_cit_YISK_",3,"RFESVM"
"CRP",3,"RFESVM"
"P25705_AVDSLVPIGR_cit_GQR_",3,"RFESVM"
"P31327_EWPSNLDLR_cit_K_",3,"RFESVM"
"SJC",3,"RFESVM"
"Q06323_YFSER_cit_GDAVTK_",3,"RFESVM"
"P08670_AR_cit_VEVER_",3,"RFESVM"
